<?xml version="1.0" encoding="UTF-8"?>
<ns0:businessContextMapping xmlns:ns0="http://xmlns.oracle.com/procmon" businessContextId="ArtistsforEvents">
   <ns0:identifierMappings>
      <ns0:identifier identifierId="tempPlaceHolderIdent" mapType="wire" mapping="valencia-demo/SendInArtistProposal!1.0:SendInArtistProposal\SendInArtistProposalMediator/SendInArtistProposalMediator@sendInProposal:RESPONSE" value="$out.part1/inp1:proposalResponse/inp1:proposedActIdentifier" outputDataType="integer" outputNamespace="http://www.w3.org/2001/XMLSchema" connectionId="SOA" productType="SOA" ref="ProposalInitiation" xmlns:inp1="valencia.insight.demo"/>
      <ns0:identifier identifierId="tempPlaceHolderIdent" mapType="wire" mapping="valencia-demo/EvaluateArtistProposal!1.0:processNewArtistProposals\EvaluateArtistProposal/processNewArtistProposals@receive:REQUEST" value="$in.ProposedActsCollection/top:ProposedActsCollection/top:ProposedActs/top:id" outputDataType="long" outputNamespace="http://www.w3.org/2001/XMLSchema" connectionId="SOA" productType="SOA" xmlns:top="http://xmlns.oracle.com/pcbpel/adapter/db/top/processNewArtistProposals"/>
      <ns0:identifier identifierId="tempPlaceHolderIdent" mapType="wire" mapping="valencia-demo/JudgeArtistProposals!1.0:pollProposalsToBeJudged\CoordinateProposalJudgement/pollProposalsToBeJudged@receive:REQUEST" value="$in.ProposedActsCollection/top:ProposedActsCollection/top:ProposedActs/top:id" outputDataType="long" outputNamespace="http://www.w3.org/2001/XMLSchema" connectionId="SOA" productType="SOA" xmlns:top="http://xmlns.oracle.com/pcbpel/adapter/db/top/pollProposalsToBeJudged"/>
      <ns0:identifier identifierId="tempPlaceHolderIdent" mapType="wire" mapping="valencia-demo/ProposalClosure!1.0:pollForClosedProposals\HandleClosureForProposal/pollForClosedProposals@receive:REQUEST" value="$in.ProposedActsCollection/top:ProposedActsCollection/top:ProposedActs/top:id" outputDataType="long" outputNamespace="http://www.w3.org/2001/XMLSchema" connectionId="SOA" productType="SOA" xmlns:top="http://xmlns.oracle.com/pcbpel/adapter/db/top/pollForClosedProposals"/>
      <ns0:identifier identifierId="tempPlaceHolderIdent" mapType="wire" mapping="valencia-demo/NegotiateAndEngage!1.0:negotiator_ep\Negotiator/negotiator@process:REQUEST" value="$in.payload/ns1:actProposalToEngage/ns1:proposedActIdentifier" outputDataType="integer" outputNamespace="http://www.w3.org/2001/XMLSchema" connectionId="SOA" productType="SOA" xmlns:ns1="valencia.insight.demo/negotiation"/>
   </ns0:identifierMappings>
   <ns0:milestoneMappings>
      <ns0:milestone milestoneId="Engagement">
         <ns0:milestoneMapping mapType="bpel" mapping="valencia-demo/NegotiateAndEngage!1.0/Negotiator/Engage@activation" connectionId="SOA" productType="SOA"/>
      </ns0:milestone>
      <ns0:milestone milestoneId="ProposalInitiation">
         <ns0:milestoneMapping mapType="wire" mapping="valencia-demo/SendInArtistProposal!1.0:SendInArtistProposal\SendInArtistProposalMediator/SendInArtistProposalMediator@sendInProposal:RESPONSE" connectionId="SOA" productType="SOA"/>
      </ns0:milestone>
      <ns0:milestone milestoneId="Undernegotiation">
         <ns0:milestoneMapping mapType="wire" mapping="valencia-demo/NegotiateAndEngage!1.0:negotiator_ep\Negotiator/negotiator@process:REQUEST" connectionId="SOA" productType="SOA"/>
      </ns0:milestone>
      <ns0:milestone milestoneId="Closed">
         <ns0:milestoneMapping mapType="wire" mapping="valencia-demo/ProposalClosure!1.0:pollForClosedProposals\HandleClosureForProposal/pollForClosedProposals@receive:REQUEST" connectionId="SOA" productType="SOA"/>
      </ns0:milestone>
      <ns0:milestone milestoneId="UnderConsideration">
         <ns0:milestoneMapping mapType="wire" mapping="valencia-demo/EvaluateArtistProposal!1.0:processNewArtistProposals\EvaluateArtistProposal/processNewArtistProposals@receive:REQUEST" connectionId="SOA" productType="SOA"/>
      </ns0:milestone>
      <ns0:milestone milestoneId="Underconsideration">
         <ns0:milestoneMapping mapType="wire" mapping="valencia-demo/JudgeArtistProposals!1.0:pollProposalsToBeJudged\CoordinateProposalJudgement/pollProposalsToBeJudged@receive:REQUEST" connectionId="SOA" productType="SOA"/>
      </ns0:milestone>
      <ns0:milestone milestoneId="DuplicateProposal">
         <ns0:milestoneMapping mapType="bpel" mapping="valencia-demo/EvaluateArtistProposal!1.0/EvaluateArtistProposal/Sequence2@activation" connectionId="SOA" productType="SOA"/>
      </ns0:milestone>
      <ns0:milestone milestoneId="Approved">
         <ns0:milestoneMapping mapType="bpel" mapping="valencia-demo/JudgeArtistProposals!1.0/CoordinateProposalJudgement/null@activation" connectionId="SOA" productType="SOA"/>
      </ns0:milestone>
      <ns0:milestone milestoneId="NotFeasible">
         <ns0:milestoneMapping mapType="bpel" mapping="valencia-demo/NegotiateAndEngage!1.0/Negotiator/NotFeasibleStatusProposal@activation" connectionId="SOA" productType="SOA"/>
      </ns0:milestone>
      <ns0:milestone milestoneId="Rejected">
         <ns0:milestoneMapping mapType="bpel" mapping="valencia-demo/JudgeArtistProposals!1.0/CoordinateProposalJudgement/null@activation" connectionId="SOA" productType="SOA"/>
      </ns0:milestone>
      <ns0:milestone milestoneId="Invalid">
         <ns0:milestoneMapping mapType="bpel" mapping="valencia-demo/EvaluateArtistProposal!1.0/EvaluateArtistProposal/Sequence6@activation" connectionId="SOA" productType="SOA"/>
      </ns0:milestone>
   </ns0:milestoneMappings>
   <ns0:businessFactMappings>
      <ns0:businessFact businessFactId="Fee" ref="Engagement">
         <ns0:businessFactMapping mapType="bpel" mapping="valencia-demo/NegotiateAndEngage!1.0/Negotiator/Engage@activation" value="$proposedFee" outputDataType="int" outputNamespace="http://www.w3.org/2001/XMLSchema" connectionId="SOA" productType="SOA"/>
      </ns0:businessFact>
      <ns0:businessFact businessFactId="NumberofVotes" ref="ProposalInitiation">
         <ns0:businessFactMapping mapType="wire" mapping="valencia-demo/SendInArtistProposal!1.0:SendInArtistProposal\SendInArtistProposalMediator/SendInArtistProposalMediator@sendInProposal:RESPONSE" value="$out.part1/inp1:proposalResponse/inp1:numberOfVotes" outputDataType="integer" outputNamespace="http://www.w3.org/2001/XMLSchema" connectionId="SOA" productType="SOA" xmlns:inp1="valencia.insight.demo"/>
      </ns0:businessFact>
   </ns0:businessFactMappings>
   <ns0:businessConstantMappings>
      <ns0:businessConstant businessConstantsId="Artist" ref="ProposalInitiation">
         <ns0:businessConstantMapping mapType="wire" mapping="valencia-demo/SendInArtistProposal!1.0:SendInArtistProposal\SendInArtistProposalMediator/SendInArtistProposalMediator@sendInProposal:RESPONSE" value="$out.part1/inp1:proposalResponse/inp1:artist" outputDataType="string" outputNamespace="http://www.w3.org/2001/XMLSchema" connectionId="SOA" productType="SOA" xmlns:inp1="valencia.insight.demo"/>
      </ns0:businessConstant>
      <ns0:businessConstant businessConstantsId="OccassionforPerforma" ref="ProposalInitiation">
         <ns0:businessConstantMapping mapType="wire" mapping="valencia-demo/SendInArtistProposal!1.0:SendInArtistProposal\SendInArtistProposalMediator/SendInArtistProposalMediator@sendInProposal:RESPONSE" value="$out.part1/inp1:proposalResponse/inp1:event" outputDataType="string" outputNamespace="http://www.w3.org/2001/XMLSchema" connectionId="SOA" productType="SOA" xmlns:inp1="valencia.insight.demo"/>
      </ns0:businessConstant>
   </ns0:businessConstantMappings>
</ns0:businessContextMapping>
