<?xml version="1.0" encoding="UTF-8"?>
<businessContext xmlns="http://xmlns.oracle.com/procmon" id="ArtistsforEvents" name="Artists for Events" revision="1.0" label="insight_sandbox_ArtistsforEvents_5fa76d7f-5c06-4adc-8a55-502d162ed4a0_01:11:33">
   <description>Manage</description>
   <noun>
      <singular>Artist Proposal</singular>
      <plural>Artist Proposals</plural>
   </noun>
   <identifier id="tempPlaceHolderIdent" name="proposal identifier" ref="ProposalInitiation"/>
   <milestones>
      <milestone id="ProposalInitiation" name="Proposal Initiation" type="Initial"/>
      <milestone id="UnderConsideration" name="In process" type="Standard"/>
      <milestone id="DuplicateProposal" name="Duplicate Proposal" type="Terminal"/>
      <milestone id="Invalid" name="Invalid" type="Terminal"/>
      <milestone id="Underconsideration" name="Under consideration" type="Standard"/>
      <milestone id="Rejected" name="Rejected" type="Terminal"/>
      <milestone id="Approved" name="Approved" type="Standard"/>
   </milestones>
   <businessConstants>
      <businessConstant id="OccassionforPerforma" name="Occassion for Performance (event)" type="String" ref="ProposalInitiation" filterable="true"/>
      <businessConstant id="Artist" name="Artist" type="String" ref="ProposalInitiation" filterable="true"/>
   </businessConstants>
   <businessFacts>
      <businessFact id="NumberofVotes" name="Number of Votes" type="Integer" ref="ProposalInitiation" filterable="false"/>
   </businessFacts>
   <properties>
      <property name="modelIcon" value="ID1"/>
   </properties>
</businessContext>
