<?xml version="1.0" encoding="UTF-8"?>
<businessContext xmlns="http://xmlns.oracle.com/procmon" id="ArtistsforEvents" name="Artists for Events" revision="1.0" label="insight_sandbox_ArtistsforEvents_f7dfb2d3-6290-4af2-900a-4e5a2d7564a4_05:21:10">
   <description>Manage proposals for artists to perform on an event</description>
   <noun>
      <singular>Artist Proposal</singular>
      <plural>Artist Proposals</plural>
   </noun>
   <identifier id="tempPlaceHolderIdent" name="proposal identifier" ref="ProposalInitiation"/>
   <milestones>
      <milestone id="ProposalInitiation" name="Proposal Initiation" type="Initial"/>
      <milestone id="UnderConsideration" name="In process" type="Standard"/>
      <milestone id="DuplicateofProposalI" name="Duplicate of Proposal In Process" type="Faulted"/>
      <milestone id="DuplicateProposal" name="Duplicate of Approved Proposal" type="Terminal"/>
      <milestone id="Invalid" name="Invalid" type="Faulted|Terminal"/>
      <milestone id="Underconsideration" name="Under consideration" type="Standard"/>
      <milestone id="Rejected" name="Rejected" type="Faulted|Terminal"/>
      <milestone id="Approved" name="Approved" type="Standard"/>
      <milestone id="Undernegotiation" name="Under negotiation" type="Standard"/>
      <milestone id="Closed" name="Closed" type="Terminal"/>
      <milestone id="Engagement" name="Engagement" type="Terminal"/>
      <milestone id="NotFeasible" name="Not Feasible" type="Faulted|Terminal"/>
   </milestones>
   <businessConstants>
      <businessConstant id="OccassionforPerforma" name="Occasion for Performance (event)" type="String" ref="ProposalInitiation" filterable="true">
         <description>What is the event at which the artist should perform</description>
      </businessConstant>
      <businessConstant id="Artist" name="Artist" type="String" ref="ProposalInitiation" filterable="true">
         <description>Which act, artist or band is proposed for the performance at the event</description>
      </businessConstant>
   </businessConstants>
   <businessFacts>
      <businessFact id="NumberofVotes" name="Number of Votes" type="Integer" ref="ProposalInitiation" filterable="false">
         <description>The total number of votes submitted for the artist at the indicated event</description>
      </businessFact>
      <businessFact id="Fee" name="Fee" type="Integer" ref="Engagement" filterable="false">
         <description>The fee negotiated for the artist to perform - only set when enagement milestone is reached</description>
      </businessFact>
   </businessFacts>
   <properties>
      <property name="modelIcon" value="ID8"/>
   </properties>
</businessContext>
