<?xml version="1.0" encoding="UTF-8"?>
<connections xmlns="http://xmlns.oracle.com/procmon">
   <connection>
      <id>SOA</id>
      <name>SOA2</name>
      <host>localhost</host>
      <port>7001</port>
      <username>weblogic</username>
      <passwordKey>SOA_220dcaf2-a7a4-4697-a719-f36a4ff29e11</passwordKey>
      <productType>SOA</productType>
      <updatedDate>03/12/16 9:41 AM UTC</updatedDate>
      <updatedBy>weblogic</updatedBy>
      <statusUpdatedDate></statusUpdatedDate>
      <status>Configured</status>
      <errorSummary></errorSummary>
      <sslEnabled>false</sslEnabled>
   </connection>
</connections>
