<?xml version="1.0" encoding="UTF-8"?>
<connections xmlns="http://xmlns.oracle.com/procmon">
   <connection>
      <id>SOA</id>
      <name>SOA2</name>
      <host>localhost</host>
      <port>7001</port>
      <username>weblogic</username>
      <passwordKey>SOA_d311792a-e0a7-4c3b-bae3-7c06d3175c90</passwordKey>
      <productType>SOA</productType>
      <updatedDate>03/13/16 12:06 PM UTC</updatedDate>
      <updatedBy>weblogic</updatedBy>
      <statusUpdatedDate>03/13/16 12:06 PM UTC</statusUpdatedDate>
      <status>Configured</status>
      <sslEnabled>false</sslEnabled>
   </connection>
</connections>
